round,attendance,attendance_rate,overcrowded,mean_round_payoff
0,76,0.7524752475247525,1,-0.7524752475247525
1,80,0.7920792079207921,1,-0.7920792079207921
2,80,0.7920792079207921,1,-0.7920792079207921
3,76,0.7524752475247525,1,-0.7524752475247525
4,77,0.7623762376237624,1,-0.7623762376237624
